{
  "ref": "refs/heads/test",
  "before": "73b816bf9eb749d4f9279d4b95db12894ecbc4f3",
  "after": "a3b7b6e195e6bd387747b40156e503a9d8ebdca1",
  "repository": {
    "id": 927762148,
    "node_id": "R_kgDON0yG5A",
    "name": "ci-server",
    "full_name": "DD248017/ci-server",
    "private": true,
    "owner": {
      "name": "DD248017",
      "email": null,
      "login": "DD248017",
      "id": 197799572,
      "node_id": "O_kgDOC8oulA",
      "avatar_url": "https://avatars.githubusercontent.com/u/197799572?v=4",
      "gravatar_id": "",
      "url": "https://api.github.com/users/DD248017",
      "html_url": "https://github.com/DD248017",
      "followers_url": "https://api.github.com/users/DD248017/followers",
      "following_url": "https://api.github.com/users/DD248017/following{/other_user}",
      "gists_url": "https://api.github.com/users/DD248017/gists{/gist_id}",
      "starred_url": "https://api.github.com/users/DD248017/starred{/owner}{/repo}",
      "subscriptions_url": "https://api.github.com/users/DD248017/subscriptions",
      "organizations_url": "https://api.github.com/users/DD248017/orgs",
      "repos_url": "https://api.github.com/users/DD248017/repos",
      "events_url": "https://api.github.com/users/DD248017/events{/privacy}",
      "received_events_url": "https://api.github.com/users/DD248017/received_events",
      "type": "Organization",
      "user_view_type": "public",
      "site_admin": false
    },
    "html_url": "https://github.com/DD248017/ci-server",
    "description": null,
    "fork": false,
    "url": "https://github.com/DD248017/ci-server",
    "forks_url": "https://api.github.com/repos/DD248017/ci-server/forks",
    "keys_url": "https://api.github.com/repos/DD248017/ci-server/keys{/key_id}",
    "collaborators_url": "https://api.github.com/repos/DD248017/ci-server/collaborators{/collaborator}",
    "teams_url": "https://api.github.com/repos/DD248017/ci-server/teams",
    "hooks_url": "https://api.github.com/repos/DD248017/ci-server/hooks",
    "issue_events_url": "https://api.github.com/repos/DD248017/ci-server/issues/events{/number}",
    "events_url": "https://api.github.com/repos/DD248017/ci-server/events",
    "assignees_url": "https://api.github.com/repos/DD248017/ci-server/assignees{/user}",
    "branches_url": "https://api.github.com/repos/DD248017/ci-server/branches{/branch}",
    "tags_url": "https://api.github.com/repos/DD248017/ci-server/tags",
    "blobs_url": "https://api.github.com/repos/DD248017/ci-server/git/blobs{/sha}",
    "git_tags_url": "https://api.github.com/repos/DD248017/ci-server/git/tags{/sha}",
    "git_refs_url": "https://api.github.com/repos/DD248017/ci-server/git/refs{/sha}",
    "trees_url": "https://api.github.com/repos/DD248017/ci-server/git/trees{/sha}",
    "statuses_url": "https://api.github.com/repos/DD248017/ci-server/statuses/{sha}",
    "languages_url": "https://api.github.com/repos/DD248017/ci-server/languages",
    "stargazers_url": "https://api.github.com/repos/DD248017/ci-server/stargazers",
    "contributors_url": "https://api.github.com/repos/DD248017/ci-server/contributors",
    "subscribers_url": "https://api.github.com/repos/DD248017/ci-server/subscribers",
    "subscription_url": "https://api.github.com/repos/DD248017/ci-server/subscription",
    "commits_url": "https://api.github.com/repos/DD248017/ci-server/commits{/sha}",
    "git_commits_url": "https://api.github.com/repos/DD248017/ci-server/git/commits{/sha}",
    "comments_url": "https://api.github.com/repos/DD248017/ci-server/comments{/number}",
    "issue_comment_url": "https://api.github.com/repos/DD248017/ci-server/issues/comments{/number}",
    "contents_url": "https://api.github.com/repos/DD248017/ci-server/contents/{+path}",
    "compare_url": "https://api.github.com/repos/DD248017/ci-server/compare/{base}...{head}",
    "merges_url": "https://api.github.com/repos/DD248017/ci-server/merges",
    "archive_url": "https://api.github.com/repos/DD248017/ci-server/{archive_format}{/ref}",
    "downloads_url": "https://api.github.com/repos/DD248017/ci-server/downloads",
    "issues_url": "https://api.github.com/repos/DD248017/ci-server/issues{/number}",
    "pulls_url": "https://api.github.com/repos/DD248017/ci-server/pulls{/number}",
    "milestones_url": "https://api.github.com/repos/DD248017/ci-server/milestones{/number}",
    "notifications_url": "https://api.github.com/repos/DD248017/ci-server/notifications{?since,all,participating}",
    "labels_url": "https://api.github.com/repos/DD248017/ci-server/labels{/name}",
    "releases_url": "https://api.github.com/repos/DD248017/ci-server/releases{/id}",
    "deployments_url": "https://api.github.com/repos/DD248017/ci-server/deployments",
    "created_at": 1738764007,
    "updated_at": "2025-02-05T17:07:03Z",
    "pushed_at": 1738782757,
    "git_url": "git://github.com/DD248017/ci-server.git",
    "ssh_url": "git@github.com:DD248017/ci-server.git",
    "clone_url": "https://github.com/DD248017/ci-server.git",
    "svn_url": "https://github.com/DD248017/ci-server",
    "homepage": null,
    "size": 9,
    "stargazers_count": 0,
    "watchers_count": 0,
    "language": "Java",
    "has_issues": true,
    "has_projects": true,
    "has_downloads": true,
    "has_wiki": false,
    "has_pages": false,
    "has_discussions": false,
    "forks_count": 0,
    "mirror_url": null,
    "archived": false,
    "disabled": false,
    "open_issues_count": 1,
    "license": null,
    "allow_forking": false,
    "is_template": false,
    "web_commit_signoff_required": false,
    "topics": [],
    "visibility": "private",
    "forks": 0,
    "open_issues": 1,
    "watchers": 0,
    "default_branch": "main",
    "stargazers": 0,
    "master_branch": "main",
    "organization": "DD248017",
    "custom_properties": {}
  },
  "pusher": {
    "name": "maxaik",
    "email": "maxolof1@hotmail.com"
  },
  "organization": {
    "login": "DD248017",
    "id": 197799572,
    "node_id": "O_kgDOC8oulA",
    "url": "https://api.github.com/orgs/DD248017",
    "repos_url": "https://api.github.com/orgs/DD248017/repos",
    "events_url": "https://api.github.com/orgs/DD248017/events",
    "hooks_url": "https://api.github.com/orgs/DD248017/hooks",
    "issues_url": "https://api.github.com/orgs/DD248017/issues",
    "members_url": "https://api.github.com/orgs/DD248017/members{/member}",
    "public_members_url": "https://api.github.com/orgs/DD248017/public_members{/member}",
    "avatar_url": "https://avatars.githubusercontent.com/u/197799572?v=4",
    "description": null
  },
  "sender": {
    "login": "maxaik",
    "id": 117411116,
    "node_id": "U_kgDOBv-NLA",
    "avatar_url": "https://avatars.githubusercontent.com/u/117411116?v=4",
    "gravatar_id": "",
    "url": "https://api.github.com/users/maxaik",
    "html_url": "https://github.com/maxaik",
    "followers_url": "https://api.github.com/users/maxaik/followers",
    "following_url": "https://api.github.com/users/maxaik/following{/other_user}",
    "gists_url": "https://api.github.com/users/maxaik/gists{/gist_id}",
    "starred_url": "https://api.github.com/users/maxaik/starred{/owner}{/repo}",
    "subscriptions_url": "https://api.github.com/users/maxaik/subscriptions",
    "organizations_url": "https://api.github.com/users/maxaik/orgs",
    "repos_url": "https://api.github.com/users/maxaik/repos",
    "events_url": "https://api.github.com/users/maxaik/events{/privacy}",
    "received_events_url": "https://api.github.com/users/maxaik/received_events",
    "type": "User",
    "user_view_type": "public",
    "site_admin": false
  },
  "created": false,
  "deleted": false,
  "forced": false,
  "base_ref": null,
  "compare": "https://github.com/DD248017/ci-server/compare/73b816bf9eb7...a3b7b6e195e6",
  "commits": [
    {
      "id": "a3b7b6e195e6bd387747b40156e503a9d8ebdca1",
      "tree_id": "75b07893d04f1368887a78949bcb92dce584cf7f",
      "distinct": true,
      "message": "Update README.md\n\ntest json parse",
      "timestamp": "2025-02-05T20:12:37+01:00",
      "url": "https://github.com/DD248017/ci-server/commit/a3b7b6e195e6bd387747b40156e503a9d8ebdca1",
      "author": {
        "name": "maxaik",
        "email": "maxolof1@hotmail.com",
        "username": "maxaik"
      },
      "committer": {
        "name": "GitHub",
        "email": "noreply@github.com",
        "username": "web-flow"
      },
      "added": [],
      "removed": [],
      "modified": ["README.md"]
    }
  ],
  "head_commit": {
    "id": "a3b7b6e195e6bd387747b40156e503a9d8ebdca1",
    "tree_id": "75b07893d04f1368887a78949bcb92dce584cf7f",
    "distinct": true,
    "message": "Update README.md\n\ntest json parse",
    "timestamp": "2025-02-05T20:12:37+01:00",
    "url": "https://github.com/DD248017/ci-server/commit/a3b7b6e195e6bd387747b40156e503a9d8ebdca1",
    "author": {
      "name": "maxaik",
      "email": "maxolof1@hotmail.com",
      "username": "maxaik"
    },
    "committer": {
      "name": "GitHub",
      "email": "noreply@github.com",
      "username": "web-flow"
    },
    "added": [],
    "removed": [],
    "modified": ["README.md"]
  }
}
